{"pr-mpi-base": {"test/walther": 1.40437, "test/chvatal": 1.33794, "test/barabasi-100000": 9.58156, "test/barabasi-50000": 6.06889, "test/krackhardt_kite": 2.14308, "test/erdos-100000": 2.76203, "test/heawood": 1.57193, "test/robertson": 1.44186, "test/thomassen": 1.92062, "test/noperfectmatching": 1.71962, "test/tetrahedral": 0.971606, "test/erdos-40000": 1.81228, "test/barabasi-80000": 8.6286, "test/bull": 1.09256, "test/house": 1.44748, "test/erdos-10000": 11.2378, "test/uniquely3colorable": 0.884336, "test/erdos-50000": 2.13544, "test/octahedral": 1.1356, "test/coxeter": 1.11835, "test/housex": 1.25693, "test/erdos-20000": 1.33382, "test/meredith": 0.989032, "test/barabasi-30000": 4.70954, "test/grotzsch": 0.826595, "test/barabasi-70000": 40.1532, "test/erdos-60000": 2.19128, "test/erdos-30000": 1.7086, "test/barabasi-40000": 4.72158, "test/nonline": 1.07591, "test/erdos-70000": 2.44697, "test/cubical": 1.25277, "test/barabasi-90000": 44.8755, "test/barabasi-60000": 36.8108, "test/petersen": 1.02519, "test/icosahedral": 1.24849, "test/franklin": 1.58163, "test/herschel": 0.988479, "test/diamond": 1.18129, "test/levi": 1.84935, "test/tutte": 1.48742, "test/erdos-90000": 2.82064, "test/mcgee": 1.76021, "test/barabasi-20000": 19.2803, "test/frucht": 1.1484, "test/smallestcyclicgroup": 0.907424, "test/folkman": 1.16024, "test/erdos-80000": 26.5723, "test/dodecahedral": 1.55068}, "pr-mpi": {"test/barabasi-20000": 1.94807, "test/barabasi-30000": 3.20695, "test/barabasi-40000": 3.73103, "test/barabasi-50000": 5.33109, "test/barabasi-60000": 5.99899, "test/barabasi-70000": 8.02025, "test/barabasi-80000": 10.6042, "test/barabasi-90000": 10.0133, "test/barabasi-100000": 12.3244, "test/erdos-10000": 0.261851, "test/erdos-20000": 0.474103, "test/erdos-30000": 0.727589, "test/erdos-40000": 0.982572, "test/erdos-50000": 1.26807, "test/erdos-60000": 1.53729, "test/erdos-70000": 1.78149, "test/erdos-80000": 2.05993, "test/erdos-90000": 2.33007, "test/erdos-100000": 2.69672, "test/bull": 0.00200086, "test/chvatal": 0.00240724, "test/coxeter": 0.015358, "test/cubical": 0.00395334, "test/diamond": 0.00554004, "test/dodecahedral": 0.00412303, "test/folkman": 0.00412434, "test/franklin": 0.00327614, "test/frucht": 0.00445788, "test/grotzsch": 0.00220272, "test/heawood": 0.00430042, "test/herschel": 0.00228804, "test/house": 0.00235362, "test/housex": 0.00401184, "test/icosahedral": 0.00434272, "test/krackhardt_kite": 0.00271342, "test/levi": 0.00764955, "test/mcgee": 0.00532447, "test/meredith": 0.00732494, "test/noperfectmatching": 0.00437508, "test/nonline": 0.00572885, "test/octahedral": 0.00272826, "test/petersen": 0.00276533, "test/robertson": 0.00341191, "test/smallestcyclicgroup": 0.00312995, "test/tetrahedral": 0.00195737, "test/thomassen": 0.0042019, "test/tutte": 0.00453486, "test/uniquely3colorable": 0.00234523, "test/walther": 0.00432191}, "pr-cpp": {"test/barabasi-20000": 2.90723, "test/barabasi-30000": 4.63047, "test/barabasi-40000": 5.33073, "test/barabasi-50000": 7.74467, "test/barabasi-60000": 9.03955, "test/barabasi-70000": 11.7728, "test/barabasi-80000": 15.3931, "test/barabasi-90000": 15.618, "test/barabasi-100000": 18.8245, "test/erdos-10000": 0.483112, "test/erdos-20000": 0.842221, "test/erdos-30000": 1.35145, "test/erdos-40000": 1.72175, "test/erdos-50000": 2.31338, "test/erdos-60000": 2.76355, "test/erdos-70000": 3.07836, "test/erdos-80000": 3.65805, "test/erdos-90000": 4.21847, "test/erdos-100000": 4.46751, "test/bull": 0.125622, "test/chvatal": 0.0178238, "test/coxeter": 0.0183201, "test/cubical": 0.0180848, "test/diamond": 0.0106611, "test/dodecahedral": 0.01648, "test/folkman": 0.00975948, "test/franklin": 0.0196494, "test/frucht": 0.017089, "test/grotzsch": 0.0278407, "test/heawood": 0.026231, "test/herschel": 0.0194755, "test/house": 0.0136534, "test/housex": 0.0136281, "test/icosahedral": 0.0142569, "test/krackhardt_kite": 0.0144028, "test/levi": 0.0237383, "test/mcgee": 0.0169083, "test/meredith": 0.0140396, "test/noperfectmatching": 0.0121193, "test/nonline": 0.0127278, "test/octahedral": 0.00788459, "test/petersen": 0.00701287, "test/robertson": 0.0108337, "test/smallestcyclicgroup": 0.0200989, "test/tetrahedral": 0.00921444, "test/thomassen": 0.0161971, "test/tutte": 0.0141249, "test/uniquely3colorable": 0.0101177, "test/walther": 0.0101427}}