{"pr-mpi-base": {"test/walther": 1.40437, "test/chvatal": 1.33794, "test/barabasi-100000": 9.58156, "test/barabasi-50000": 6.06889, "test/krackhardt_kite": 2.14308, "test/erdos-100000": 2.76203, "test/heawood": 1.57193, "test/robertson": 1.44186, "test/thomassen": 1.92062, "test/noperfectmatching": 1.71962, "test/tetrahedral": 0.971606, "test/erdos-40000": 1.81228, "test/barabasi-80000": 8.6286, "test/bull": 1.09256, "test/house": 1.44748, "test/erdos-10000": 11.2378, "test/uniquely3colorable": 0.884336, "test/erdos-50000": 2.13544, "test/octahedral": 1.1356, "test/coxeter": 1.11835, "test/housex": 1.25693, "test/erdos-20000": 1.33382, "test/meredith": 0.989032, "test/barabasi-30000": 4.70954, "test/grotzsch": 0.826595, "test/barabasi-70000": 40.1532, "test/erdos-60000": 2.19128, "test/erdos-30000": 1.7086, "test/barabasi-40000": 4.72158, "test/nonline": 1.07591, "test/erdos-70000": 2.44697, "test/cubical": 1.25277, "test/barabasi-90000": 44.8755, "test/barabasi-60000": 36.8108, "test/petersen": 1.02519, "test/icosahedral": 1.24849, "test/franklin": 1.58163, "test/herschel": 0.988479, "test/diamond": 1.18129, "test/levi": 1.84935, "test/tutte": 1.48742, "test/erdos-90000": 2.82064, "test/mcgee": 1.76021, "test/barabasi-20000": 19.2803, "test/frucht": 1.1484, "test/smallestcyclicgroup": 0.907424, "test/folkman": 1.16024, "test/erdos-80000": 26.5723, "test/dodecahedral": 1.55068}, "pr-mpi": {"test/barabasi-20000": 1.96111, "test/barabasi-30000": 3.16683, "test/barabasi-40000": 3.72975, "test/barabasi-50000": 5.33901, "test/barabasi-60000": 5.76098, "test/barabasi-70000": 8.12429, "test/barabasi-80000": 10.1866, "test/barabasi-90000": 10.0982, "test/barabasi-100000": 12.3671, "test/erdos-10000": 0.264461, "test/erdos-20000": 0.464687, "test/erdos-30000": 0.713275, "test/erdos-40000": 0.964904, "test/erdos-50000": 1.28751, "test/erdos-60000": 1.52091, "test/erdos-70000": 1.80826, "test/erdos-80000": 2.09028, "test/erdos-90000": 2.32552, "test/erdos-100000": 2.8626, "test/bull": 0.00516732, "test/chvatal": 0.00246689, "test/coxeter": 0.00311872, "test/cubical": 0.00306745, "test/diamond": 0.00624514, "test/dodecahedral": 0.00306431, "test/folkman": 0.00668206, "test/franklin": 0.00303985, "test/frucht": 0.00261062, "test/grotzsch": 0.00228136, "test/heawood": 0.00414031, "test/herschel": 0.00411381, "test/house": 0.00205867, "test/housex": 0.00203365, "test/icosahedral": 0.00248405, "test/krackhardt_kite": 0.00265728, "test/levi": 0.0039056, "test/mcgee": 0.0033493, "test/meredith": 0.0049721, "test/noperfectmatching": 0.00290987, "test/nonline": 0.00388792, "test/octahedral": 0.00208848, "test/petersen": 0.00215847, "test/robertson": 0.00295081, "test/smallestcyclicgroup": 0.00220403, "test/tetrahedral": 0.00191879, "test/thomassen": 0.00434586, "test/tutte": 0.00428803, "test/uniquely3colorable": 0.00222223, "test/walther": 0.00297804}, "pr-cpp": {"test/barabasi-20000": 1.19549, "test/barabasi-30000": 1.98511, "test/barabasi-40000": 2.25341, "test/barabasi-50000": 3.15547, "test/barabasi-60000": 3.5723, "test/barabasi-70000": 4.95755, "test/barabasi-80000": 6.15574, "test/barabasi-90000": 6.20818, "test/barabasi-100000": 7.54848, "test/erdos-10000": 0.185795, "test/erdos-20000": 0.308761, "test/erdos-30000": 0.46454, "test/erdos-40000": 0.677506, "test/erdos-50000": 0.815985, "test/erdos-60000": 0.977436, "test/erdos-70000": 1.2144, "test/erdos-80000": 1.37834, "test/erdos-90000": 1.70368, "test/erdos-100000": 1.75453, "test/bull": 0.00236321, "test/chvatal": 0.0156543, "test/coxeter": 0.0121143, "test/cubical": 0.00517596, "test/diamond": 0.0123448, "test/dodecahedral": 0.0201901, "test/folkman": 0.014677, "test/franklin": 0.0244912, "test/frucht": 0.00795843, "test/grotzsch": 0.0105876, "test/heawood": 0.00552596, "test/herschel": 0.0451176, "test/house": 0.0144534, "test/housex": 0.00997406, "test/icosahedral": 0.0153607, "test/krackhardt_kite": 0.0337341, "test/levi": 0.00511459, "test/mcgee": 0.00561202, "test/meredith": 0.0131549, "test/noperfectmatching": 0.0167638, "test/nonline": 0.0104484, "test/octahedral": 0.00774003, "test/petersen": 0.00335196, "test/robertson": 0.0148558, "test/smallestcyclicgroup": 0.00249769, "test/tetrahedral": 0.00283727, "test/thomassen": 0.0053554, "test/tutte": 0.00601799, "test/uniquely3colorable": 0.00191814, "test/walther": 0.00502744}}