{"pr-mpi-base": {"test/walther": 1.40437, "test/chvatal": 1.33794, "test/barabasi-100000": 9.58156, "test/barabasi-50000": 6.06889, "test/krackhardt_kite": 2.14308, "test/erdos-100000": 2.76203, "test/heawood": 1.57193, "test/robertson": 1.44186, "test/thomassen": 1.92062, "test/noperfectmatching": 1.71962, "test/tetrahedral": 0.971606, "test/erdos-40000": 1.81228, "test/barabasi-80000": 8.6286, "test/bull": 1.09256, "test/house": 1.44748, "test/erdos-10000": 11.2378, "test/uniquely3colorable": 0.884336, "test/erdos-50000": 2.13544, "test/octahedral": 1.1356, "test/coxeter": 1.11835, "test/housex": 1.25693, "test/erdos-20000": 1.33382, "test/meredith": 0.989032, "test/barabasi-30000": 4.70954, "test/grotzsch": 0.826595, "test/barabasi-70000": 40.1532, "test/erdos-60000": 2.19128, "test/erdos-30000": 1.7086, "test/barabasi-40000": 4.72158, "test/nonline": 1.07591, "test/erdos-70000": 2.44697, "test/cubical": 1.25277, "test/barabasi-90000": 44.8755, "test/barabasi-60000": 36.8108, "test/petersen": 1.02519, "test/icosahedral": 1.24849, "test/franklin": 1.58163, "test/herschel": 0.988479, "test/diamond": 1.18129, "test/levi": 1.84935, "test/tutte": 1.48742, "test/erdos-90000": 2.82064, "test/mcgee": 1.76021, "test/barabasi-20000": 19.2803, "test/frucht": 1.1484, "test/smallestcyclicgroup": 0.907424, "test/folkman": 1.16024, "test/erdos-80000": 26.5723, "test/dodecahedral": 1.55068}, "pr-mpi": {}, "pr-cpp": {}}