{"pr-mpi-base": {"test/walther": 1.40437, "test/chvatal": 1.33794, "test/barabasi-100000": 9.58156, "test/barabasi-50000": 6.06889, "test/krackhardt_kite": 2.14308, "test/erdos-100000": 2.76203, "test/heawood": 1.57193, "test/robertson": 1.44186, "test/thomassen": 1.92062, "test/noperfectmatching": 1.71962, "test/tetrahedral": 0.971606, "test/erdos-40000": 1.81228, "test/barabasi-80000": 8.6286, "test/bull": 1.09256, "test/house": 1.44748, "test/erdos-10000": 11.2378, "test/uniquely3colorable": 0.884336, "test/erdos-50000": 2.13544, "test/octahedral": 1.1356, "test/coxeter": 1.11835, "test/housex": 1.25693, "test/erdos-20000": 1.33382, "test/meredith": 0.989032, "test/barabasi-30000": 4.70954, "test/grotzsch": 0.826595, "test/barabasi-70000": 40.1532, "test/erdos-60000": 2.19128, "test/erdos-30000": 1.7086, "test/barabasi-40000": 4.72158, "test/nonline": 1.07591, "test/erdos-70000": 2.44697, "test/cubical": 1.25277, "test/barabasi-90000": 44.8755, "test/barabasi-60000": 36.8108, "test/petersen": 1.02519, "test/icosahedral": 1.24849, "test/franklin": 1.58163, "test/herschel": 0.988479, "test/diamond": 1.18129, "test/levi": 1.84935, "test/tutte": 1.48742, "test/erdos-90000": 2.82064, "test/mcgee": 1.76021, "test/barabasi-20000": 19.2803, "test/frucht": 1.1484, "test/smallestcyclicgroup": 0.907424, "test/folkman": 1.16024, "test/erdos-80000": 26.5723, "test/dodecahedral": 1.55068}, "pr-mpi": {"test/barabasi-20000": 1.94807, "test/barabasi-30000": 3.20695, "test/barabasi-40000": 3.73103, "test/barabasi-50000": 5.33109, "test/barabasi-60000": 5.99899, "test/barabasi-70000": 8.02025, "test/barabasi-80000": 10.6042, "test/barabasi-90000": 10.0133, "test/barabasi-100000": 12.3244, "test/erdos-10000": 0.261851, "test/erdos-20000": 0.474103, "test/erdos-30000": 0.727589, "test/erdos-40000": 0.982572, "test/erdos-50000": 1.26807, "test/erdos-60000": 1.53729, "test/erdos-70000": 1.78149, "test/erdos-80000": 2.05993, "test/erdos-90000": 2.33007, "test/erdos-100000": 2.69672, "test/bull": 0.00200086, "test/chvatal": 0.00240724, "test/coxeter": 0.015358, "test/cubical": 0.00395334, "test/diamond": 0.00554004, "test/dodecahedral": 0.00412303, "test/folkman": 0.00412434, "test/franklin": 0.00327614, "test/frucht": 0.00445788, "test/grotzsch": 0.00220272, "test/heawood": 0.00430042, "test/herschel": 0.00228804, "test/house": 0.00235362, "test/housex": 0.00401184, "test/icosahedral": 0.00434272, "test/krackhardt_kite": 0.00271342, "test/levi": 0.00764955, "test/mcgee": 0.00532447, "test/meredith": 0.00732494, "test/noperfectmatching": 0.00437508, "test/nonline": 0.00572885, "test/octahedral": 0.00272826, "test/petersen": 0.00276533, "test/robertson": 0.00341191, "test/smallestcyclicgroup": 0.00312995, "test/tetrahedral": 0.00195737, "test/thomassen": 0.0042019, "test/tutte": 0.00453486, "test/uniquely3colorable": 0.00234523, "test/walther": 0.00432191}, "pr-cpp": {"test/barabasi-20000": 2.92043, "test/barabasi-30000": 4.79983, "test/barabasi-40000": 5.58483, "test/barabasi-50000": 8.07935, "test/barabasi-60000": 9.30859, "test/barabasi-70000": 12.3201, "test/barabasi-80000": 15.84, "test/barabasi-90000": 15.7009, "test/barabasi-100000": 19.338, "test/erdos-10000": 0.469882, "test/erdos-20000": 0.900577, "test/erdos-30000": 1.46912, "test/erdos-40000": 1.92866, "test/erdos-50000": 2.43101, "test/erdos-60000": 3.07888, "test/erdos-70000": 3.72814, "test/erdos-80000": 4.05516, "test/erdos-90000": 4.41249, "test/erdos-100000": 5.35747, "test/bull": 0.108975, "test/chvatal": 0.0440752, "test/coxeter": 0.0118884, "test/cubical": 0.01544, "test/diamond": 0.017369, "test/dodecahedral": 0.0147968, "test/folkman": 0.0215012, "test/franklin": 0.0169788, "test/frucht": 0.00889872, "test/grotzsch": 0.0177571, "test/heawood": 0.0413982, "test/herschel": 0.0232464, "test/house": 0.0218393, "test/housex": 0.0204362, "test/icosahedral": 0.0170346, "test/krackhardt_kite": 0.00796783, "test/levi": 0.0203562, "test/mcgee": 0.0216767, "test/meredith": 0.0152899, "test/noperfectmatching": 0.0177373, "test/nonline": 0.0139535, "test/octahedral": 0.00900567, "test/petersen": 0.00742792, "test/robertson": 0.0106889, "test/smallestcyclicgroup": 0.0129299, "test/tetrahedral": 0.0181693, "test/thomassen": 0.0188469, "test/tutte": 0.0144516, "test/uniquely3colorable": 0.0184335, "test/walther": 0.00962514}}